Sample Name	B.cells.naive	B.cells.memory	Plasma.cells	T.cells.CD8	T.cells.CD4.naive	T.cells.CD4.memory.resting	T.cells.CD4.memory.activated	T.cells.follicular.helper	T.cells.regulatory..Tregs.	T.cells.gamma.delta	NK.cells.resting	NK.cells.activated	Monocytes	Macrophages.M0	Macrophages.M1	Macrophages.M2	Dendritic.cells.resting	Dendritic.cells.activated	Mast.cells.resting	Mast.cells.activated	Eosinophils	Neutrophils	P.value	Pearson.Correlation	RMSE
gerald.H5NKVBBXX.4.CGGCTATG.TATAGCCT	0	0.009771910971629553	0.022242972730890376	0.015712683363929038	0	0.38175207932282446	0	0.06156645612925198	0	0	0.0016742417378804676	0	0.06272075313652718	0	0	0	0	0.005983702303242165	0	0.3694422014525975	0.06913299885122719	0	0.26	0.0753477119555905	1.0889470023616779
gerald.H5NKVBBXX.4.CTGAAGCT.ATAGAGGC	0	0.14845504705231374	0.04940587664448046	0.05157630076443712	0	0.09240452097709977	0	0.06345618500202047	0	0	0.2255523817153882	0	0.07179327916631836	0.009649946754787449	0.010696810019465928	0.031908397457672495	0	0	0.09769631813145815	0.02019609850242893	0.1272088378121289	0	0.84	-0.010090910794405867	1.0996545477711284
gerald.H5NKVBBXX.4.TAATGCGC.ATAGAGGC	0	0.03504302563414756	0.025987764195990713	0.08638643996237141	0.003953619250480868	0	0	0.12493366996426356	0.05373939985041871	0	0.012384999005421386	0.036488743565034655	0.029151308503947957	0.4152851347459677	0.004199498345425425	0.05603806737326269	0	0	0.106705633106758	0.009702696496509379	0	0	0	0.2767848497697917	0.990523131068429
gerald.H5NKVBBXX.4.TAATGCGC.TATAGCCT	0	0.20303613303872048	0	3.120515876655362e-4	0.1554523902577696	0	0	0.07119947524227213	0.060703129426297076	0	0.13452030993142738	0	0.15307174304636792	0.12373144836750588	0	0	0	0	0	0.097973319101974	0	0	0.99	-0.05331353442058881	1.1103497228611787
gerald.H5NKVBBXX.4.TCTCGCGC.ATAGAGGC	0	0.12830873367480128	0	0.08637173010107535	0.10028883117526548	0.057159276822251776	0	0	0.18497387834442144	0	0.19729575903888733	0	0	0	0	0.03135105078962717	0	0	0	0.11410738914529711	0.10014335090837309	0	1	-0.0690891359925023	1.1463059683921335
gerald.H5NKVBBXX.5.ATTACTCG.ATAGAGGC	0	0.14907892901005648	0	0	0.07668587466670121	0.33076508810055577	0	0.04871759452226009	0.00847725337846716	0	0.18380344688965694	0	0.06451388232304203	0.025813891445699927	0	0.11214403966356042	0	0	0	0	0	0	0.87	-0.01872628087094522	1.1261176113398705
gerald.H5NKVBBXX.5.ATTACTCG.CCTATCCT	0	0.009544458450912903	0	0	0	0.16528813187678942	0	0	0.11760835795603623	0	0.07192768785410808	0	0	0.41013188840690684	0	0.06177501081831773	0	0	0.10410918021164621	0.05961528442528256	0	0	0.06	0.14888716800700108	1.0623352410923383
gerald.H5NKVBBXX.5.ATTACTCG.TATAGCCT	0	0.10027545496451909	0.16937374204607558	0.05279819894151566	0	0.09279395766777068	0	0.03929772039914593	0.1263004260931842	0	0.09192789893350788	0.013447705341369895	0.1058418907469116	0.06238075092942588	0.026177729609549078	0.05546084668971353	0	0	0.05669685982076512	0	0.007226817816545934	0	0.44	0.045420952112002755	1.0632522076909852
gerald.H5NKVBBXX.5.ATTCAGAA.ATAGAGGC	0	0.16836774962124518	0.01966720854285984	0	0	0.1924656623622541	0	0	0.03420184064184544	0	0.12165165335011263	0	0.08342373615255579	0	0	0.14310806684524738	0	0	0.19019207482140907	0	0.04692200766247056	0	0.29	0.06814492876460722	1.0533015108307495
gerald.H5NKVBBXX.5.CGCTCATT.ATAGAGGC	0.17139869892923015	0.13793680834828406	0	0	0.11866710305214422	0.19646688893743225	0.006779643501809623	0.012705153081929233	0	0	0.1294756497668199	0	0.025589390992448363	0.049751797766054	0.024949724345096395	0.07734261520845986	0	0	0	0.048936526070291954	0	0	0.03	0.15831920556771842	1.0389528201148643
gerald.H5NKVBBXX.5.TCCGGAGA.ATAGAGGC	0	0	0.151550499685462	0	0	0.36624253251944217	0	0	0.05457098135795	0	0.07060634738100718	0	0.030889797889328715	0	0	0.0111104343887815	0	0	0	0.2235965213327656	0.09143288544526282	0	0.99	-0.05307770501150757	1.1149926051219152
gerald.H5NKVBBXX.5.TCCGGAGA.TATAGCCT	0	0.0530578723454625	0	0.01689250224005962	0.11682944727668662	0.11367747748667706	0.21076122599940772	0	0	0	0.06037692390839998	0.0317489733697367	0	0.15283696947902656	0	0.0729017868254542	0	0	0	0.170916821069089	0	0	0.63	0.018487400834666923	1.0840493929127146
gerald.H5NKVBBXX.6.AGCGATAG.ATAGAGGC	0	0.011968731446670515	0.027286540837500595	0.025590433140697345	0	0.3444983334594276	0	0.008110498604719662	0.07799538429727938	0	0.26578473150698906	0	0.10631086065230683	0	0.008960246842735917	0.013992341777906968	0	0	0.06362370346055078	0.009396936868915693	0.03648125710429964	0	0.82	-0.006058419613160484	1.1378715215073572
gerald.H5NKVBBXX.6.AGCGATAG.TATAGCCT	0	0.026070467688907903	0.010371732584614969	0	0	0.17963199722454828	0	0.15454999840446787	0.021266521121976387	0	0.07624924143396654	0.03713663717826452	0.22859179198396942	0.14760114117789266	0	0	0	0	0.0928353513090029	0.025695119892388547	0	0	0.7	0.01199975584229956	1.0843637475671222
gerald.H5NKVBBXX.6.CGGCTATG.ATAGAGGC	0	0.3497053706875468	0	0	0.08536661858506764	0.19877121859388644	0	0.04157257825720297	0.027420958268811777	0	0.05539710351357843	0	0.040277777775053626	0.007439027183485397	0	0	0	0.01586231763794952	0.17818702949741738	0	0	0	0.85	-0.01255725273374581	1.1226087989851135
gerald.H5NKVBBXX.6.GAATTCGT.ATAGAGGC	0	0.09540772995724364	0.006689597278115005	0.08457075875904832	0.030765241047789483	0	0	0.07036646559066695	0.07980454158355389	0	0.0585765965634464	0.0029513560605475744	0.16299588071771853	0.20160122947439374	0	0.022042384757023276	0	0	0	0.18422821821045315	0	0	0.42	0.04768189156736537	1.0726405947949809
gerald.H5NKVBBXX.6.TCCGCGAA.ATAGAGGC	0	0.005016007447404468	0	0	0	0.12448686305503869	0	0.02854718048640321	0.06727158358883184	0	0.04969291302069873	0	0	0.33784190363732863	0.0016588409199436607	0.1043162481648707	0	0	0	0.2656607030051999	0.011019498008948391	0.0044882586653318245	0.02	0.21894070425988227	1.031543641705068
gerald.H5NKVBBXX.6.TCCGCGAA.TATAGCCT	0.018555916030581248	0	0	0	0.05019968206548253	0.05971826655062814	0	0	0.12307385254367771	0	0.1505916500564879	0	0.020078721673236787	0.2667049979916787	0	0.1007724266925495	0	0	0	0.1721798787962265	0	0.038124607599451	0.58	0.026887079089463955	1.1028468453144737
gerald.H5NKVBBXX.6.TCTCGCGC.TATAGCCT	0.06713900593536946	0	0	0.036924537530031075	0	0.46375056169178624	0	0	0.06872294915521164	0	0.16013668849024637	0	0.04720581323155353	0	0	0.010379277940472765	0	0	0.059169718774693465	0	0.08657144725063542	0	1	-0.06407776173675717	1.162110312605946
gerald.H5NKVBBXX.7.ATTCAGAA.TATAGCCT	0	0.013299070488231536	6.94848830229606e-4	0	0	0.23611998024831737	0	0	0.03273169412029111	0	0.0419567879547605	0.027226802036026718	0.09969503496679305	0	0	0.044966772157055385	0	0	0	0.3131687316409097	0.1218452521674949	0.06829502538989016	0.02	0.2032134680845294	1.0147215006927328
gerald.H5NKVBBXX.7.CGCTCATT.TATAGCCT	0	0	0.017745706033329228	0.16454489169555717	0	0.13121235336066508	0	0.06782214411283792	0.17679294012889527	0	0.12152724171494167	0.005975309990411156	0	0.07296845310623408	0	0.14766190401948717	0	0	0	0.05842595909049123	0.03532309674715005	0	0.52	0.034886948823159035	1.0976743703999763
gerald.H5NKVBBXX.7.CTGAAGCT.TATAGCCT	0	0.011129707145366359	0.05016912232923284	0.018769400320483597	0	0.00560530726689998	0	0.020701537244037	0.016559384009689267	0	0.01133563160527988	0.00484339020493008	0	0.23012088170494566	0	0.07008043842139779	0	0.001551455380911567	0	0.3415949778460336	0.1680933192471669	0.04944544727362549	0	0.3994505251498134	0.9289518635381099
gerald.H5NKVBBXX.7.GAATTCGT.TATAGCCT	0	0.14796164628077665	0.13130815037924365	0.07893097762711514	0.11184093888941436	0.08607960627910449	0	0.04038321595759659	0.05664417689277674	0	0.07811490379310328	0.0019564310764048575	0.08456290367305692	0.09630921492132288	0.021832334988597015	0.06407549924148741	0	0	0	0	0	0	0.18	0.09676079219643971	1.0521905980097948
gerald.H5NKVBBXX.7.GAGATTCC.ATAGAGGC	0	0.07951472984612379	0	0	0.06502464213355395	0.22390402788808841	0	0	0	0	0.09624484246970605	0	0.02635488111253426	0.17762831822379183	0	0.2169098443899312	0	0	0	0.001790202898049855	0.11262851103822068	0	0.6	0.0210656031780591	1.0871234658827924
gerald.H5NKVBBXX.7.GAGATTCC.TATAGCCT	0	0.02804558996012983	0.08762548875892695	0	0.002283963935489926	0.10663890925668783	0	0.003355170287021819	0.03360920659809571	0	0.06604110607451034	0	0.02304586993676049	0.26104423821281214	0	0.16853796382680664	0	0	0	0.2197724931527583	0	0	0	0.3352382584129981	0.954890853214898
gerald.H5NKVBBXX.7.TCCGGAGA.CCTATCCT	0	0	0.08663210739763154	0.059999547456135484	0	0.07063012447846234	0	0.06259105062506184	0.16064378513765032	0	0.14557000638957304	0	0.01367541449265622	0.21457374530106074	0.004901133389558864	0.14706490837506686	0	0	0	0.016387293975758093	0.017330882981384625	0	0.52	0.03223061841442019	1.0865253672753712
