CellType	gerald.H5NKVBBXX.4.CGGCTATG.TATAGCCT	gerald.H5NKVBBXX.4.CTGAAGCT.ATAGAGGC	gerald.H5NKVBBXX.4.TAATGCGC.ATAGAGGC	gerald.H5NKVBBXX.4.TAATGCGC.TATAGCCT	gerald.H5NKVBBXX.4.TCTCGCGC.ATAGAGGC	gerald.H5NKVBBXX.5.ATTACTCG.ATAGAGGC	gerald.H5NKVBBXX.5.ATTACTCG.CCTATCCT	gerald.H5NKVBBXX.5.ATTACTCG.TATAGCCT	gerald.H5NKVBBXX.5.ATTCAGAA.ATAGAGGC	gerald.H5NKVBBXX.5.CGCTCATT.ATAGAGGC	gerald.H5NKVBBXX.5.TCCGGAGA.ATAGAGGC	gerald.H5NKVBBXX.5.TCCGGAGA.TATAGCCT	gerald.H5NKVBBXX.6.AGCGATAG.ATAGAGGC	gerald.H5NKVBBXX.6.AGCGATAG.TATAGCCT	gerald.H5NKVBBXX.6.CGGCTATG.ATAGAGGC	gerald.H5NKVBBXX.6.GAATTCGT.ATAGAGGC	gerald.H5NKVBBXX.6.TCCGCGAA.ATAGAGGC	gerald.H5NKVBBXX.6.TCCGCGAA.TATAGCCT	gerald.H5NKVBBXX.6.TCTCGCGC.TATAGCCT	gerald.H5NKVBBXX.7.ATTCAGAA.TATAGCCT	gerald.H5NKVBBXX.7.CGCTCATT.TATAGCCT	gerald.H5NKVBBXX.7.CTGAAGCT.TATAGCCT	gerald.H5NKVBBXX.7.GAATTCGT.TATAGCCT	gerald.H5NKVBBXX.7.GAGATTCC.ATAGAGGC	gerald.H5NKVBBXX.7.GAGATTCC.TATAGCCT	gerald.H5NKVBBXX.7.TCCGGAGA.CCTATCCT
T cells	258.0301720323607	42.36973996740714	63.67254306571429	158.37899984414287	565.2634057297593	383.62473142857147	127.12543590818143	512.7755838785714	343.9723523218786	1190.8823885723828	137.09351056780713	152.3063280141	189.7483897142857	761.8814781943571	43.17088232106428	119.49288418613494	241.35105781991285	290.1038226642857	252.31331857142854	240.35470807142858	293.85644814635714	369.8662980471357	868.8787057142856	503.3662179285715	423.55900313068105	968.3559400592411
CD8 T cells	128.41971999999998	4.99336	20.99999	229	152.951	25.99999	0	329	160.25034	232.92265999999998	48	1	58.660230000000006	73.1415	125	111.8373	163.30978000000002	120.42475	178.9998	104.0903	340.221	76.968314	395.3242	155.3452	154.45260000000002	537.89595
Cytotoxic lymphocytes	41.583865714285714	6.529692857142857	20.730223142857145	79.68377857142858	37.48209571428571	40.499048571428574	17.295104285714284	99.89620714285714	69.86164285714285	210.39134586334865	29.035445714285714	122.21093857142857	63.648721571428574	49.553653142857144	29.34092857142857	46.60107148178772	66.89683142857143	164.70929	12.4196537	39.876608142857144	81.407263	89.78837228615143	131.80791171428572	75.51873570537143	74.95643657142858	291.7427985332
NK cells	24.137442	5.088166350000001	5.988858375	25.92171425	35.528201125	11.171119125	22.662799500000002	73.33533649065	49.7707052625	56.60620625	122.90869945625	14.7247885	41.979010988	26.745423772374625	16.322832096625	33.29005225	32.9144237	28.05641125	39.410521304999996	55.033784	15.939648469	99.749605	81.8857891034825	59.238970625	83.2666722559625	116.56335612500001
B lineage	257.0739417777778	50.423209444444446	51.17343388888889	108.10622666666667	120.98494463333333	160.49692444444446	65.32363899593845	503.0877794831333	308.02021994666666	3976.572773111111	140.2971614325989	120.38892483685943	139.0005392393451	144.36404	92.85134403239178	84.76611255555555	181.71993043173336	300.5712077777778	130.7800061811111	204.85754938444754	61.03991436301589	790.2359944487473	1065.918920409781	178.03941607105554	510.20765621333334	408.25716685030443
Monocytic lineage	703.5935788127799	72.58239857142857	178.04585642385715	281.70731862728576	398.728841	577.250724709149	631.0606006371771	1181.5991767577477	1053.6152557828573	1570.9003379	254.54048842857145	312.08606142857144	472.98127857142856	490.7659785714286	109.54665714285714	330.1651342857143	1120.1078411660949	692.876582859248	233.31712285714286	1012.3785834285715	573.9277921	2873.395541428572	1851.1938865942714	1001.83503	1750.9415671428571	2951.694507142857
Myeloid dendritic cells	106.68688039999999	11.300008	33.141178	86.770152	51.25081864552258	33.805576	43.104294	230.0163	222.039814678	199.72563016677438	71.54801619999999	83.008442	38.674822	106.471986	85.053246	67.59176	71.5670602	79.20291	90.799998	128.79609	81.200098	161.10536	340.64179140000005	136.3735328	173.948442	410.653302
Neutrophils	659.4947738466667	105.1161853542	101.38459271520533	677.0854273333333	1313.0804000082587	1014.3580923313333	506.61230956115264	1136.5822977192333	1142.7363350133332	1454.25331891922	554.0296479201506	490.847193	930.1644001649707	1256.29749750644	299.436136322876	345.35639240674533	1136.7892144994958	1131.1303825814934	1130.5591866666666	1140.6855644666666	719.513742410918	3151.7489786666665	1002.7166104257622	1140.1374975466667	1048.6166345313334	2333.467475666667
Endothelial cells	1334.6931716474194	159.91630170032258	322.56128334374637	340.47808417708967	2242.3278106197163	1609.3317571374694	1947.3298990322583	2005.1211819545608	2133.7884163541935	2058.1547235565163	459.60744738088516	423.9805765126213	1242.9332362032258	2591.359690803754	154.36622504422775	774.1139532451614	1559.5527050967742	1550.3019648617592	1034.0440972994304	1806.332752580645	807.0431372258064	1039.179056652661	1719.244688704655	1624.8151235967741	2771.8132051451616	2860.887676953561
Fibroblasts	17104.3828437593	1613.1022429857048	23874.126032499997	4953.2546375	8049.407220026364	16290.577992500002	113795.8192133665	121623.82083508531	51247.94948124999	57410.9667925	9565.578430000001	40437.1409775	35116.177686250005	91914.537192	6982.409142469375	131566.7531175	70305.38662379893	48624.882545	7106.69414375	47844.094784560424	46531.5945625	92087.027624875	16565.8226538575	98849.93687739017	131182.85049374998	26317.63562763635
